<?xml version="1.0" encoding="utf-8"?>
<openimmo><uebertragung art="OFFLINE" umfang="TEIL" modus="CHANGE" version="1.2.7" sendersoftware="OOF" senderversion="$Rev: 113468 $" techn_email="pleyer@abaco-oberland.de" timestamp="2021-12-06T12:17:19.0+00:00"/><anbieter><anbieternr>00050</anbieternr><firma>AbacO Immobilien Oberland</firma><openimmo_anid>00050</openimmo_anid><immobilie><objektkategorie><nutzungsart WOHNEN="1" GEWERBE="0"/><vermarktungsart KAUF="1" MIETE_PACHT="0"/><objektart><wohnung wohnungtyp="ETAGE"/></objektart></objektkategorie><geo><plz>82467</plz><ort>Garmisch-Partenkirchen</ort><geokoordinaten breitengrad="47.49016" laengengrad="11.07604"/><strasse>Zugspitzstraße</strasse><hausnummer>51</hausnummer><bundesland>Bayern</bundesland><land iso_land="DEU"/><etage>2</etage><anzahl_etagen>2</anzahl_etagen></geo><kontaktperson><email_zentrale>pleyer@abaco-oberland.de</email_zentrale><email_direkt>pleyer@abaco-oberland.de</email_direkt><tel_zentrale>+49 8821 943 59 58</tel_zentrale><tel_durchw>+49 8821 943 5958</tel_durchw><tel_handy>+49 178 75 555 23</tel_handy><name>Pleyer-Missios</name><vorname>Alexandra</vorname><anrede>Frau</anrede><anrede_brief>Sehr geehrte Frau Pleyer-Missios,</anrede_brief><firma>AbacO Immobilien Oberland</firma><strasse>Ludwigstraße</strasse><hausnummer>42</hausnummer><plz>82467</plz><ort>Garmisch-Partenkirchen</ort><land iso_land="DEU"/><personennummer>6</personennummer></kontaktperson><preise><kaufpreis auf_anfrage="0">117000.00</kaufpreis><hausgeld>101.80</hausgeld><waehrung iso_waehrung="EUR"/></preise><bieterverfahren/><versteigerung/><flaechen><wohnflaeche>35.00</wohnflaeche><nutzflaeche>6.00</nutzflaeche><freiflaeche>1151.00</freiflaeche><anzahl_zimmer>1.00</anzahl_zimmer><anzahl_badezimmer>1.00</anzahl_badezimmer><balkon_terrasse_flaeche>10.00</balkon_terrasse_flaeche><anzahl_wohn_schlafzimmer>1.00</anzahl_wohn_schlafzimmer><dachbodenflaeche>6.00</dachbodenflaeche><vermietbare_flaeche>35.00</vermietbare_flaeche><anzahl_wohneinheiten>12.00</anzahl_wohneinheiten><anzahl_gewerbeeinheiten>1.00</anzahl_gewerbeeinheiten></flaechen><ausstattung><kueche EBK="1" OFFEN="1"/><boden/><befeuerung GAS="1"/></ausstattung><zustand_angaben><baujahr>1976</baujahr><zustand zustand_art="GEPFLEGT"/><energiepass><epart>VERBRAUCH</epart><gueltig_bis>2018-07-10</gueltig_bis><energieverbrauchkennwert>158.00</energieverbrauchkennwert><mitwarmwasser>1</mitwarmwasser><primaerenergietraeger>GAS</primaerenergietraeger><jahrgang>2008</jahrgang></energiepass><verkaufstatus stand="VERKAUFT"/><user_defined_simplefield feldname="epass_baujahr">2001</user_defined_simplefield></zustand_angaben><bewertung/><infrastruktur/><freitexte><objekttitel>Der Urlaub beginnt vor der Haustür!
IN 8 WOCHEN ERFOLGREICH VERKAUFT</objekttitel><dreizeiler/><lage>In Garmisch-Partenkirchen, weltbekannt als deutscher  Wintersportort Nummer 1 , wird auch der Sommeraufenthalt zum Erlebnis. Geprägt von einer atemberaubenden Bergkulisse aus 400 Gipfeln versprechen traumhafte Skipisten, Loipen, Wanderwege und kristallklare Bergseen höchsten Lebenskomfort. Eine Vielzahl an kulturellen Veranstaltungen, ein ausgewählter Einzelhandel sowie zahlreiche Restaurants und Kaffees runden das ansprechende Gesamtbild ab. Langweilig wird es im Olympiaort sicher nicht.
 Die Landeshauptstadt München ist mit dem Auto in ca. 1 Stunde, mit der Bahn in ca. 1,5 Stunden erreichbar. Sowohl  Österreich als auch Italien liegen nur einen Katzensprung entfernt.</lage><ausstatt_beschr/><objektbeschreibung>Sie lieben die Berge, die freie Natur und wollten sich schon immer den Traum einer eigenen kleinen Ferienwohnung verwiklichen? Dann sind Sie hier genau richtig!
In Zentraler Lage der Gemeinde Garmisch-Partenkirchen befindet sich diese gepflegte kleine Wohnanlage.
Quasi vor der Haustüre befinden sich zahlreiche Wander- und Bergwege. In die  nahegelegenen Fußgängerzone von Garmisch gelangen Sie in wenigen Minuten entweder mit dem Auto oder dem zur Verfügung stehenden Bus.
Die Wohnung ist mit allem ausgestattet was Sie benötigen.
Die voll ausgestattete Küche ist mit dem angrenzenden Wohnraum über eine Theke verbunden. Dies erspart zusätzliche Wege und gewährleistet ein geselliges Miteinander.
Große nach Südwesten ausgerichtete Fenster erlauben den neuen Bewohnern einen wundervollen Ausblick in die naheliegenden Berge. Der angrenzende Balkon wird im Sommer zum zweiten Wohnzimmer. Durch einen weiten Überstand des Daches kann auch ein plötzliches Sommergewitter einem netten Beisammensein im Freien keinen Abbruch leisten.

Das Badezimmer wurde mit ansprechenden Fliesen vor weniger als einem Jahr auf den neuesten Schick gebracht. Freuen Sie sich nach einem Tag in den Bergen über ein angenehmes wohltuendes Vollbad.</objektbeschreibung><sonstige_angaben>Unsere Angaben beruhen auf den vom Auftraggeber erteilten Auskünften. Für unrichtige Angaben haften wir nur bei Vorsatz und grober Fahrlässigkeit. Die Weitergabe dieses Angebots an Dritte ist nur mit unserer ausdrücklichen und schriftlichen Zustimmung zulässig.</sonstige_angaben></freitexte><anhaenge><anhang location="EXTERN" gruppe="TITELBILD"><anhangtitel/><format>jpg</format><daten><pfad>Foto_31033.jpg</pfad></daten></anhang><anhang location="EXTERN" gruppe="BILD"><anhangtitel/><format>jpg</format><daten><pfad>Titelbild_31035.jpg</pfad></daten></anhang><anhang location="EXTERN" gruppe="BILD"><anhangtitel/><format>jpg</format><daten><pfad>Foto_31037.jpg</pfad></daten></anhang><anhang location="EXTERN" gruppe="BILD"><anhangtitel/><format>jpg</format><daten><pfad>Foto_31039.jpg</pfad></daten></anhang><anhang location="EXTERN" gruppe="BILD"><anhangtitel/><format>jpg</format><daten><pfad>Foto_31041.jpg</pfad></daten></anhang><anhang location="EXTERN" gruppe="BILD"><anhangtitel/><format>jpg</format><daten><pfad>Foto_31043.jpg</pfad></daten></anhang><anhang location="EXTERN" gruppe="BILD"><anhangtitel/><format>jpg</format><daten><pfad>Foto_31045.jpg</pfad></daten></anhang><anhang location="EXTERN" gruppe="BILD"><anhangtitel/><format>jpg</format><daten><pfad>Foto_31047.jpg</pfad></daten></anhang></anhaenge><verwaltung_objekt><objektadresse_freigeben>0</objektadresse_freigeben><abdatum>2021-12-06</abdatum><haustiere>1</haustiere><als_ferien>1</als_ferien><user_defined_simplefield feldname="top_angebot">0</user_defined_simplefield><user_defined_simplefield feldname="preisreduktion">0</user_defined_simplefield><user_defined_simplefield feldname="courtage_frei">0</user_defined_simplefield><user_defined_simplefield feldname="neu">0</user_defined_simplefield><user_defined_simplefield feldname="referenz">0</user_defined_simplefield><user_defined_simplefield feldname="objekt_des_tages">0</user_defined_simplefield><user_defined_simplefield feldname="reserviert">0</user_defined_simplefield><user_defined_simplefield feldname="verkauft">1</user_defined_simplefield><user_defined_simplefield feldname="veroeffentlichen">1</user_defined_simplefield><user_defined_simplefield feldname="exklusiv">0</user_defined_simplefield><user_defined_simplefield feldname="objekt_der_woche">0</user_defined_simplefield></verwaltung_objekt><verwaltung_techn><objektnr_intern>511</objektnr_intern><objektnr_extern>AEM1.AE_V1154</objektnr_extern><aktion aktionart="CHANGE"/><openimmo_obid>00050_511_AEM1.AE_V1154_07</openimmo_obid><kennung_ursprung>onOffice Software</kennung_ursprung><stand_vom>2020-03-21</stand_vom><weitergabe_generell>1</weitergabe_generell><user_defined_simplefield feldname="top_angebot">0</user_defined_simplefield><user_defined_simplefield feldname="preisreduktion">0</user_defined_simplefield><user_defined_simplefield feldname="courtage_frei">0</user_defined_simplefield><user_defined_simplefield feldname="neu">0</user_defined_simplefield><user_defined_simplefield feldname="referenz">0</user_defined_simplefield><user_defined_simplefield feldname="objekt_des_tages">0</user_defined_simplefield><user_defined_simplefield feldname="reserviert">0</user_defined_simplefield><user_defined_simplefield feldname="verkauft">1</user_defined_simplefield><user_defined_simplefield feldname="veroeffentlichen">1</user_defined_simplefield><user_defined_simplefield feldname="exklusiv">0</user_defined_simplefield><user_defined_simplefield feldname="objekt_der_woche">0</user_defined_simplefield></verwaltung_techn></immobilie></anbieter></openimmo>
