<?xml version="1.0" encoding="utf-8"?>
<openimmo><uebertragung art="OFFLINE" umfang="TEIL" modus="CHANGE" version="1.2.7" sendersoftware="OOF" senderversion="$Rev: 113468 $" techn_email="pleyer@abaco-oberland.de" timestamp="2021-12-06T12:17:08.0+00:00"/><anbieter><anbieternr>00050</anbieternr><firma>AbacO Immobilien Oberland</firma><openimmo_anid>00050</openimmo_anid><immobilie><objektkategorie><nutzungsart WOHNEN="1" GEWERBE="0"/><vermarktungsart KAUF="0" MIETE_PACHT="1"/><objektart><wohnung wohnungtyp="ETAGE"/></objektart></objektkategorie><geo><plz>82467</plz><ort>Garmisch-Partenkirchen</ort><geokoordinaten breitengrad="47.48916" laengengrad="11.10686"/><strasse>Im Steingrüschl</strasse><hausnummer>2</hausnummer><bundesland>Bayern</bundesland><land iso_land="DEU"/><etage>1</etage></geo><kontaktperson><email_zentrale>pleyer@abaco-oberland.de</email_zentrale><email_direkt>pleyer@abaco-oberland.de</email_direkt><tel_zentrale>+49 8821 943 59 58</tel_zentrale><tel_durchw>+49 8821 943 5958</tel_durchw><tel_handy>+49 178 75 555 23</tel_handy><name>Pleyer-Missios</name><vorname>Alexandra</vorname><anrede>Frau</anrede><anrede_brief>Sehr geehrte Frau Pleyer-Missios,</anrede_brief><firma>AbacO Immobilien Oberland</firma><strasse>Ludwigstraße</strasse><hausnummer>42</hausnummer><plz>82467</plz><ort>Garmisch-Partenkirchen</ort><land iso_land="DEU"/><personennummer>6</personennummer></kontaktperson><preise><kaltmiete>700.00</kaltmiete><warmmiete>1005.00</warmmiete><nebenkosten>255.00</nebenkosten><heizkosten_enthalten>1</heizkosten_enthalten><heizkosten>130.00</heizkosten><betriebskostennetto betriebskostenust="0">255</betriebskostennetto><gesamtbelastungbrutto>1005.00</gesamtbelastungbrutto><heizkostennetto heizkostenust="0">130</heizkostennetto><mietpreis_pro_qm>8.54</mietpreis_pro_qm><aussen_courtage mit_mwst="1">Für den Mieter Provisionsfrei</aussen_courtage><waehrung iso_waehrung="EUR"/><kaution_text>3 Kaltmieten</kaution_text><stp_tiefgarage stellplatzmiete="50.00" anzahl="1"/></preise><bieterverfahren/><versteigerung/><flaechen><wohnflaeche>82.00</wohnflaeche><anzahl_zimmer>2.50</anzahl_zimmer><anzahl_schlafzimmer>1.50</anzahl_schlafzimmer><anzahl_badezimmer>1.00</anzahl_badezimmer><anzahl_sep_wc>1.00</anzahl_sep_wc><balkon_terrasse_flaeche>10.00</balkon_terrasse_flaeche><anzahl_wohn_schlafzimmer>1.00</anzahl_wohn_schlafzimmer><gartenflaeche>50.00</gartenflaeche><kellerflaeche>8.00</kellerflaeche><anzahl_stellplaetze>1</anzahl_stellplaetze><anzahl_wohneinheiten>8.00</anzahl_wohneinheiten></flaechen><ausstattung><kueche EBK="1"/><boden/><befeuerung OEL="1"/><gartennutzung>1</gartennutzung></ausstattung><zustand_angaben><zustand zustand_art="GEPFLEGT"/><energiepass><jahrgang>nicht_noetig</jahrgang></energiepass><verkaufstatus stand="VERKAUFT"/></zustand_angaben><bewertung/><infrastruktur/><freitexte><objekttitel>Ruhige nette Wohnung sucht eben solchen neuen Mieter- WIR HABEN IHN NACH 9 TAGEN GEFUNDEN</objekttitel><dreizeiler/><lage>In Garmisch-Partenkirchen, weltbekannt durch seine Wintersportveranstaltungen, wird auch im Sommer der Aufenthalt zum Erlebnis. Die zahlreichen Wander- und Ausflugsziele bieten Abwechslung. Für jedermann stehen viele Möglichkeiten, die Freizeit  zu gestalten  offen. Ob im Winter Skifahren, Lang- oder Schlittschuhlaufen, im Sommer Wandern, Mountainbiken, Schwimmen, Gleitschirmfliegen und vieles andere mehr, langweilig wird es im Olympiaort sicher nicht. München ist mit dem Auto in ca. 1 Stunde, mit der Bahn in ca. 1,5 Stunden erreichbar. Auch Österreich oder Italien liegen nur einen Katzensprung entfernt</lage><ausstatt_beschr/><objektbeschreibung>Eine äußerst schöne helle und freundliche Wohnung in guter Lage- ruhig gelegen und dennoch zentral. Ein überdurchschnittlich großes Wohnzimmer mit großen Fensterfronten nach Süd- Ost lässt die Wohnung hell und heimelig wirken. Die angrenzende Terrasse mit angrenzenden kleinen Garten mit herrlichem Blick erweist sich im Sommer fast als zweites Wohnzimmer. Eine Hecke gibt den neuen Mietern die nötige Diskretion - guter Ausblick - kein Einblick!
Die neuwertige Einbauküche bietet viel Platz zum ausgiebigen kochen und backen.
Die neuen Bewohner dürfen sich über ein sehr großes Schlafzimmer , sowie ein zusätzliches Gäste- oder Arbeitszimmer freuen. Das Badezimmer ist geräumig und mit ansprechenden Fliesen ausgestattet. Hier findet eine Waschmaschine genügend Platz. Eine separate Toilette sorgt für nötige Diskretion.
Für genügend Stauraum sorgt ein Kellerabteil.
Optional kann ein Tiefgaragenstellplatz für € 50.- p.m. angemietet werden. Diesen erreichen Sie trockenen Hauptes bequem über das Treppenhaus</objektbeschreibung><sonstige_angaben>Unsere Angaben beruhen auf den vom Auftraggeber erteilten Auskünften. Für unrichtige Angaben haften wir nur bei Vorsatz und grober Fahrlässigkeit. Die Weitergabe dieses Angebots an Dritte ist nur mit unserer ausdrücklichen und schriftlichen Zustimmung zulässig.</sonstige_angaben></freitexte><anhaenge><anhang location="EXTERN" gruppe="TITELBILD"><anhangtitel>Guter Ausblick</anhangtitel><format>jpg</format><daten><pfad>Foto_31017.jpg</pfad></daten></anhang><anhang location="EXTERN" gruppe="BILD"><anhangtitel>Terrasse</anhangtitel><format>jpg</format><daten><pfad>Foto_31019.jpg</pfad></daten></anhang><anhang location="EXTERN" gruppe="BILD"><anhangtitel>geräumiger Flur</anhangtitel><format>jpg</format><daten><pfad>Foto_31021.jpg</pfad></daten></anhang><anhang location="EXTERN" gruppe="BILD"><anhangtitel>Küche</anhangtitel><format>jpg</format><daten><pfad>Foto_31023.jpg</pfad></daten></anhang><anhang location="EXTERN" gruppe="BILD"><anhangtitel>Wohnzimmer</anhangtitel><format>jpg</format><daten><pfad>Foto_31025.jpg</pfad></daten></anhang><anhang location="EXTERN" gruppe="BILD"><anhangtitel>Schlafzimmer</anhangtitel><format>jpg</format><daten><pfad>Foto_31027.jpg</pfad></daten></anhang><anhang location="EXTERN" gruppe="BILD"><anhangtitel>Badezimmer</anhangtitel><format>jpg</format><daten><pfad>Foto_31029.jpg</pfad></daten></anhang><anhang location="EXTERN" gruppe="BILD"><anhangtitel/><format>jpg</format><daten><pfad>Titelbild_31031.jpg</pfad></daten></anhang></anhaenge><verwaltung_objekt><objektadresse_freigeben>0</objektadresse_freigeben><abdatum>2021-12-06</abdatum><als_ferien>1</als_ferien><user_defined_simplefield feldname="top_angebot">0</user_defined_simplefield><user_defined_simplefield feldname="preisreduktion">0</user_defined_simplefield><user_defined_simplefield feldname="courtage_frei">1</user_defined_simplefield><user_defined_simplefield feldname="neu">0</user_defined_simplefield><user_defined_simplefield feldname="referenz">0</user_defined_simplefield><user_defined_simplefield feldname="objekt_des_tages">0</user_defined_simplefield><user_defined_simplefield feldname="reserviert">0</user_defined_simplefield><user_defined_simplefield feldname="verkauft">1</user_defined_simplefield><user_defined_simplefield feldname="veroeffentlichen">1</user_defined_simplefield><user_defined_simplefield feldname="exklusiv">0</user_defined_simplefield><user_defined_simplefield feldname="objekt_der_woche">0</user_defined_simplefield></verwaltung_objekt><verwaltung_techn><objektnr_intern>509</objektnr_intern><objektnr_extern>AEM1.AE_V1153</objektnr_extern><aktion aktionart="CHANGE"/><openimmo_obid>00050_509_AEM1.AE_V1153_06</openimmo_obid><kennung_ursprung>onOffice Software</kennung_ursprung><stand_vom>2020-03-21</stand_vom><weitergabe_generell>1</weitergabe_generell><user_defined_simplefield feldname="top_angebot">0</user_defined_simplefield><user_defined_simplefield feldname="preisreduktion">0</user_defined_simplefield><user_defined_simplefield feldname="courtage_frei">1</user_defined_simplefield><user_defined_simplefield feldname="neu">0</user_defined_simplefield><user_defined_simplefield feldname="referenz">0</user_defined_simplefield><user_defined_simplefield feldname="objekt_des_tages">0</user_defined_simplefield><user_defined_simplefield feldname="reserviert">0</user_defined_simplefield><user_defined_simplefield feldname="verkauft">1</user_defined_simplefield><user_defined_simplefield feldname="veroeffentlichen">1</user_defined_simplefield><user_defined_simplefield feldname="exklusiv">0</user_defined_simplefield><user_defined_simplefield feldname="objekt_der_woche">0</user_defined_simplefield></verwaltung_techn></immobilie></anbieter></openimmo>
