<?xml version="1.0" encoding="utf-8"?>
<openimmo><uebertragung art="OFFLINE" umfang="TEIL" modus="CHANGE" version="1.2.7" sendersoftware="OOF" senderversion="$Rev: 113468 $" techn_email="pleyer@abaco-oberland.de" timestamp="2021-12-06T12:17:04.0+00:00"/><anbieter><anbieternr>00050</anbieternr><firma>AbacO Immobilien Oberland</firma><openimmo_anid>00050</openimmo_anid><immobilie><objektkategorie><nutzungsart WOHNEN="1" GEWERBE="0"/><vermarktungsart KAUF="0" MIETE_PACHT="1"/><objektart><wohnung wohnungtyp="ETAGE"/></objektart></objektkategorie><geo><plz>82441</plz><ort>Ohlstadt</ort><geokoordinaten breitengrad="47.63662" laengengrad="11.23428"/><strasse>Höllgraben</strasse><hausnummer>5</hausnummer><bundesland>Bayern</bundesland><land iso_land="DEU"/><etage>1</etage><anzahl_etagen>1</anzahl_etagen></geo><kontaktperson><email_zentrale>pleyer@abaco-oberland.de</email_zentrale><email_direkt>pleyer@abaco-oberland.de</email_direkt><tel_zentrale>+49 8821 943 59 58</tel_zentrale><tel_durchw>+49 8821 943 5958</tel_durchw><tel_handy>+49 178 75 555 23</tel_handy><name>Pleyer-Missios</name><vorname>Alexandra</vorname><anrede>Frau</anrede><anrede_brief>Sehr geehrte Frau Pleyer-Missios,</anrede_brief><firma>AbacO Immobilien Oberland</firma><strasse>Ludwigstraße</strasse><hausnummer>42</hausnummer><plz>82467</plz><ort>Garmisch-Partenkirchen</ort><land iso_land="DEU"/><personennummer>6</personennummer></kontaktperson><preise><kaltmiete>700.00</kaltmiete><warmmiete>890.00</warmmiete><nebenkosten>150.00</nebenkosten><heizkosten_enthalten>1</heizkosten_enthalten><betriebskostennetto betriebskostenust="0">150</betriebskostennetto><gesamtbelastungbrutto>890.00</gesamtbelastungbrutto><mietpreis_pro_qm>8.75</mietpreis_pro_qm><aussen_courtage mit_mwst="1">2,38 Kaltmieten inkl. gesetzlicher MwSt.</aussen_courtage><waehrung iso_waehrung="EUR"/><kaution_text>2 Kaltmieten</kaution_text><stp_garage stellplatzmiete="40.00" anzahl="1"/></preise><bieterverfahren/><versteigerung/><flaechen><wohnflaeche>80.00</wohnflaeche><anzahl_zimmer>3.00</anzahl_zimmer><anzahl_schlafzimmer>2.00</anzahl_schlafzimmer><anzahl_badezimmer>1.00</anzahl_badezimmer><anzahl_wohn_schlafzimmer>1.00</anzahl_wohn_schlafzimmer><kellerflaeche>2.00</kellerflaeche><anzahl_stellplaetze>1</anzahl_stellplaetze><anzahl_wohneinheiten>2.00</anzahl_wohneinheiten></flaechen><ausstattung><kueche OFFEN="1"/><boden/><kamin>1</kamin><heizungsart FUSSBODEN="1"/><befeuerung GAS="1"/><gartennutzung>1</gartennutzung></ausstattung><zustand_angaben><baujahr>1986</baujahr><zustand zustand_art="GEPFLEGT"/><energiepass><jahrgang>nicht_noetig</jahrgang></energiepass><verkaufstatus stand="VERKAUFT"/></zustand_angaben><bewertung/><infrastruktur/><freitexte><objekttitel>NACH EINER WOCHE VERMIETET</objekttitel><dreizeiler/><lage>Die beschauliche Gemeinde Ohlstadt mit seinen ca. 3.300 Einwohnern liegt im Herzen
des ''Blauen Landes''. Der bekannte Bobfahrer-Ort hat sich seinen traditionellen
bayerischen Charme erhalten, bietet aber auch die Annehmlichkeiten einer modernen
Infrastruktur mit Kindergarten, Grundschule und Läden des täglichen Bedarfs. Weitere
Einkaufsmöglichkeiten stehen im nahe gelegenen Murnau zur Verfügung.
Am Rande des ''Murnauer Mooses'' gelegen bietet Ohlstadt eine Vielzahl an Freizeit und
Erholungsmöglichkeiten, wie Tennis, Radfahren, Wandern oder Solarfreibad.
Ohlstadt verfügt über eine gute Verkehrsanbindung mit Anschluss an die A 95,
München - Garmisch-Partenkirchen, sowie über einen eigenen Bahnhof.</lage><ausstatt_beschr/><objektbeschreibung>Sie legen Wert auf ein schönes Zuhause? Dann lassen Sie sich von dieser herrlichen Wohnung begeistern und inspirieren.
Über eine Außentreppe gelangen Sie direkt in Ihr neues Zuhause.
Ein geräumiger Flur bietet genügend Platz für Schuhe,  Jacken und Mäntel. Herzstück dieser Wohnung ist das offene Wohnzimmer mit Sichtdachstuhl.Von hier gelangen Sie auf die beiden zur Wohnung gehörenden überdachten Balkone - mit Blick über Wiesen und Wälder bis in die Alpen ist dies der ideale Ort um seine Seele baumeln zu lassen.
Ein Kachelofen sorgt nicht nur für eine schöne Stimmung sondern hilft den neuen Bewohnern Ihre Heizkosten zu minimieren. Die Angelehnte Küche rundet das offenen Wohnkonzept ab und gewährleistet ein geselliges miteinander.
Alle Schlafzimmer weisen trotz Dachschrägen eine sehr gute Stellfläche auf. Große Fenster sorgen für viel Licht und geben den Räumen eine zusätzliche Weite.
Das Badezimmer ist sowohl mit einer Badewanne als auch einer Dusche ausgestattet. Ein Fenster sorgt nicht nur für viel Licht sondern gewährleistet auch die Möglichkeit einer guten Belüftung.
Der vorgelegt Garten darf von den Mietern gerne mitgenutzt werden.</objektbeschreibung><sonstige_angaben>Unsere Angaben beruhen auf den vom Auftraggeber erteilten Auskünften. Für unrichtige Angaben haften wir nur bei Vorsatz und grober Fahrlässigkeit. Die Weitergabe dieses Angebots an Dritte ist nur mit unserer ausdrücklichen und schriftlichen Zustimmung zulässig.</sonstige_angaben></freitexte><anhaenge><anhang location="EXTERN" gruppe="TITELBILD"><anhangtitel/><format>jpg</format><daten><pfad>Titelbild_30999.jpg</pfad></daten></anhang><anhang location="EXTERN" gruppe="BILD"><anhangtitel/><format>jpg</format><daten><pfad>Foto_31001.jpg</pfad></daten></anhang><anhang location="EXTERN" gruppe="BILD"><anhangtitel/><format>jpg</format><daten><pfad>Foto_31003.jpg</pfad></daten></anhang><anhang location="EXTERN" gruppe="BILD"><anhangtitel/><format>jpg</format><daten><pfad>Foto_31005.jpg</pfad></daten></anhang><anhang location="EXTERN" gruppe="BILD"><anhangtitel/><format>jpg</format><daten><pfad>Foto_31007.jpg</pfad></daten></anhang><anhang location="EXTERN" gruppe="BILD"><anhangtitel/><format>jpg</format><daten><pfad>Foto_31009.jpg</pfad></daten></anhang><anhang location="EXTERN" gruppe="BILD"><anhangtitel/><format>jpg</format><daten><pfad>Foto_31011.jpg</pfad></daten></anhang><anhang location="EXTERN" gruppe="BILD"><anhangtitel/><format>jpg</format><daten><pfad>Foto_31013.jpg</pfad></daten></anhang><anhang location="EXTERN" gruppe="BILD"><anhangtitel/><format>jpg</format><daten><pfad>Foto_31015.jpg</pfad></daten></anhang></anhaenge><verwaltung_objekt><objektadresse_freigeben>0</objektadresse_freigeben><abdatum>2021-12-06</abdatum><als_ferien>1</als_ferien><user_defined_simplefield feldname="top_angebot">0</user_defined_simplefield><user_defined_simplefield feldname="preisreduktion">0</user_defined_simplefield><user_defined_simplefield feldname="courtage_frei">0</user_defined_simplefield><user_defined_simplefield feldname="neu">0</user_defined_simplefield><user_defined_simplefield feldname="referenz">0</user_defined_simplefield><user_defined_simplefield feldname="objekt_des_tages">0</user_defined_simplefield><user_defined_simplefield feldname="reserviert">0</user_defined_simplefield><user_defined_simplefield feldname="verkauft">1</user_defined_simplefield><user_defined_simplefield feldname="veroeffentlichen">1</user_defined_simplefield><user_defined_simplefield feldname="exklusiv">0</user_defined_simplefield><user_defined_simplefield feldname="objekt_der_woche">0</user_defined_simplefield></verwaltung_objekt><verwaltung_techn><objektnr_intern>507</objektnr_intern><objektnr_extern>AEM1.AE_V1152</objektnr_extern><aktion aktionart="CHANGE"/><openimmo_obid>00050_507_AEM1.AE_V1152_05</openimmo_obid><kennung_ursprung>onOffice Software</kennung_ursprung><stand_vom>2020-03-21</stand_vom><weitergabe_generell>1</weitergabe_generell><user_defined_simplefield feldname="top_angebot">0</user_defined_simplefield><user_defined_simplefield feldname="preisreduktion">0</user_defined_simplefield><user_defined_simplefield feldname="courtage_frei">0</user_defined_simplefield><user_defined_simplefield feldname="neu">0</user_defined_simplefield><user_defined_simplefield feldname="referenz">0</user_defined_simplefield><user_defined_simplefield feldname="objekt_des_tages">0</user_defined_simplefield><user_defined_simplefield feldname="reserviert">0</user_defined_simplefield><user_defined_simplefield feldname="verkauft">1</user_defined_simplefield><user_defined_simplefield feldname="veroeffentlichen">1</user_defined_simplefield><user_defined_simplefield feldname="exklusiv">0</user_defined_simplefield><user_defined_simplefield feldname="objekt_der_woche">0</user_defined_simplefield></verwaltung_techn></immobilie></anbieter></openimmo>
