<?xml version="1.0" encoding="utf-8"?>
<openimmo><uebertragung art="OFFLINE" umfang="TEIL" modus="CHANGE" version="1.2.7" sendersoftware="OOF" senderversion="$Rev: 113468 $" techn_email="pleyer@abaco-oberland.de" timestamp="2021-12-06T12:16:29.0+00:00"/><anbieter><anbieternr>00050</anbieternr><firma>AbacO Immobilien Oberland</firma><openimmo_anid>00050</openimmo_anid><immobilie><objektkategorie><nutzungsart WOHNEN="1" GEWERBE="0"/><vermarktungsart KAUF="1" MIETE_PACHT="0"/><objektart><wohnung wohnungtyp="ERDGESCHOSS"/></objektart></objektkategorie><geo><plz>82467</plz><ort>Garmisch-Partenkirchen</ort><geokoordinaten breitengrad="47.48554" laengengrad="11.12292"/><strasse>Karwendelstraße</strasse><hausnummer>26</hausnummer><bundesland>Bayern</bundesland><land iso_land="DEU"/></geo><kontaktperson><email_zentrale>pleyer@abaco-oberland.de</email_zentrale><email_direkt>pleyer@abaco-oberland.de</email_direkt><tel_zentrale>+49 8821 943 59 58</tel_zentrale><tel_durchw>+49 8821 943 5958</tel_durchw><tel_handy>+49 178 75 555 23</tel_handy><name>Pleyer-Missios</name><vorname>Alexandra</vorname><anrede>Frau</anrede><anrede_brief>Sehr geehrte Frau Pleyer-Missios,</anrede_brief><firma>AbacO Immobilien Oberland</firma><strasse>Ludwigstraße</strasse><hausnummer>42</hausnummer><plz>82467</plz><ort>Garmisch-Partenkirchen</ort><land iso_land="DEU"/><personennummer>6</personennummer></kontaktperson><preise><kaufpreis auf_anfrage="0">155000.00</kaufpreis><hausgeld>185.00</hausgeld><aussen_courtage mit_mwst="1">Für den Käufer PROVISIONSFREI!</aussen_courtage><waehrung iso_waehrung="EUR"/><stp_carport stellplatzkaufpreis="0.00" anzahl="1"/></preise><bieterverfahren/><versteigerung/><flaechen><wohnflaeche>77.00</wohnflaeche><nutzflaeche>9.00</nutzflaeche><freiflaeche>1580.00</freiflaeche><anzahl_zimmer>2.50</anzahl_zimmer><anzahl_schlafzimmer>1.50</anzahl_schlafzimmer><anzahl_badezimmer>1.00</anzahl_badezimmer><anzahl_wohn_schlafzimmer>1.00</anzahl_wohn_schlafzimmer><kellerflaeche>12.00</kellerflaeche><anzahl_stellplaetze>1</anzahl_stellplaetze><vermietbare_flaeche>77.00</vermietbare_flaeche><anzahl_wohneinheiten>9.00</anzahl_wohneinheiten></flaechen><ausstattung><kueche EBK="1" OFFEN="1"/><boden/><kamin>1</kamin><heizungsart ZENTRAL="1" FUSSBODEN="1"/><befeuerung OEL="1" SOLAR="1"/><gartennutzung>1</gartennutzung></ausstattung><zustand_angaben><baujahr>1978</baujahr><zustand zustand_art="GEPFLEGT"/><energiepass><epart>VERBRAUCH</epart><gueltig_bis>2028-10-15</gueltig_bis><energieverbrauchkennwert>136.00</energieverbrauchkennwert><mitwarmwasser>1</mitwarmwasser><primaerenergietraeger>OEL</primaerenergietraeger><jahrgang>2014</jahrgang></energiepass><verkaufstatus stand="VERKAUFT"/><user_defined_simplefield feldname="epass_baujahr">1988</user_defined_simplefield></zustand_angaben><bewertung/><infrastruktur/><freitexte><objekttitel>ERFOLGREICH VERKAUFT</objekttitel><dreizeiler/><lage>Kaltenbrunn war der größte Ort der Gemeinde Wamberg, das am 1. Mai 1978 nach Garmisch-Partenkirchen eingemeindet wurde. Zum Stand der letzten Volkszählung vom 25. Mai 1987 hatte Kaltenbrunn 111 Einwohner. Um das auf rund 800 m ü. NN im Wettersteingebirge gelegene Kaltenbrunn erstrecken sich Buckelwiesen und Seen: als Beispiele seien der nahe dem benachbarten Gerold gelegene Wagenbrüchsee sowie der Barmsee genannt (beide Gemeindegebiet Krün). Die landwirtschaftlich geprägte Umgebung ist touristisch erschlossen und bietet auf mehreren Rad-/Wanderwegen und Langlaufloipen sommers wie winters Gelegenheit zu Erholung und Sport. Ins nahe gelegene (ca. 5km) Garmisch-Partenkirchen, weltbekannt als deutscher  Wintersportort Nummer 1 , wird auch der Sommeraufenthalt zum Erlebnis. Geprägt von einer atemberaubenden Bergkulisse aus 400 Gipfeln versprechen traumhafte Skipisten, Loipen, Wanderwege und kristallklare Bergseen höchsten Lebenskomfort. Eine Vielzahl an kulturellen Veranstaltungen, ein ausgewählter Einzelhandel sowie zahlreiche Restaurants und Kaffees runden das ansprechende Gesamtbild ab. Langweilig wird es im Olympiaort sicher nicht.
 Die Landeshauptstadt München ist mit dem Auto in ca. 1 Stunde, mit der Bahn in ca. 1,5 Stunden erreichbar. Sowohl  Österreich als auch Italien liegen nur einen Katzensprung entfernt. Kaltenbrunn ist ein Ortsteil von Garmisch-Partenkirchen in Oberbayern, der sich östlich vom Garmisch-Partenkirchner Kerngebiet an der Bundesstraße 2 in Richtung Österreich anfindet.</lage><ausstatt_beschr/><objektbeschreibung>Sie lieben die Berge, die frei Natur und wollten sich schon immer den Traum einer eigenen kleinen Ferienwohnung verwiklichen? Dann sind Sie hier genau richtig!
Im schönen Kaltenbrunn bei Garmisch-Partenkirchen befindet sich diese gepflegte kleine Wohnanlage.
Quasi vor der Haustüre befindet sich nicht nur die Loipe sondern zahlreiche Wander- und Bergwege. Ins nahegelegene Garmisch gelangen Sie in wenigen Minuten.
Die Wohnung ist mit allem ausgestattet was Sie benötigen.
Die voll ausgestattete neuwertige Küche ist mit dem angrenzenden Wohnraum über eine Durchreiche verbunden. Dies erspart zusätzliche Wege und gewährleistet ein geselliges Miteinander.
Der Angrenzende Wohnraum besticht durch seine offene Gestaltung - zur angrenzenden Galerie offen spiegelt der Raum eine zusätzliche Weite. Genießen Sie Ihre schönsten Stunden am offenen Kamin. Dieser ist im ausgewiesenen Kaufpreis inkludiert.
Auf der über eine offene Treppe zu begehenden Galerie befindet sich ein abgeschlossenes sowie ein offenes Schlafzimmer. Trotz Dachschrägen weisen die Zimmer gute Stellmöglichkeiten auf. Zusätzliche Dachfenster sorgen für eine gute Belichtung.
Das Badezimmer wurde mit ansprechenden Fliesen vor ein paar Jahren erneuert. Freuen Sie sich nach einem Tag in den Bergen über ein angenehmes wohltuendes Vollbad.
Ihre Sportgeräte finden Ihr neues Zuhause im zur Wohnung gehörenden geräumigen Keller. 
Die Wohnung liegt direkt an der bekannten Alpen Straße. Sowohl gut isolierte Fenster als auch Rollos verhindern  eine ausgeprägte Lärmbelästigung.
Die Hausgemeinschaft hat über die Jahre einen gemeinsamen Grillplatz gebaut der sich großer Beliebtheit erfreut. Dieser darf gerne von den neuen Bewohnern ebenfalls genutzt werden.</objektbeschreibung><sonstige_angaben>Unsere Angaben beruhen auf den vom Auftraggeber erteilten Auskünften. Für unrichtige Angaben haften wir nur bei Vorsatz und grober Fahrlässigkeit. Die Weitergabe dieses Angebots an Dritte ist nur mit unserer ausdrücklichen und schriftlichen Zustimmung zulässig.</sonstige_angaben></freitexte><anhaenge><anhang location="EXTERN" gruppe="TITELBILD"><anhangtitel/><format>jpg</format><daten><pfad>Titelbild_30969.jpg</pfad></daten></anhang><anhang location="EXTERN" gruppe="BILD"><anhangtitel/><format>jpg</format><daten><pfad>Foto_30971.jpg</pfad></daten></anhang><anhang location="EXTERN" gruppe="BILD"><anhangtitel/><format>jpg</format><daten><pfad>Foto_30973.jpg</pfad></daten></anhang><anhang location="EXTERN" gruppe="BILD"><anhangtitel/><format>jpg</format><daten><pfad>Foto_30975.jpg</pfad></daten></anhang><anhang location="EXTERN" gruppe="BILD"><anhangtitel/><format>jpg</format><daten><pfad>Foto_30977.jpg</pfad></daten></anhang><anhang location="EXTERN" gruppe="BILD"><anhangtitel/><format>jpg</format><daten><pfad>Foto_30979.jpg</pfad></daten></anhang></anhaenge><verwaltung_objekt><objektadresse_freigeben>0</objektadresse_freigeben><verfuegbar_ab>Sofort</verfuegbar_ab><abdatum>2021-12-06</abdatum><vermietet>1</vermietet><haustiere>1</haustiere><als_ferien>1</als_ferien><user_defined_simplefield feldname="top_angebot">0</user_defined_simplefield><user_defined_simplefield feldname="preisreduktion">0</user_defined_simplefield><user_defined_simplefield feldname="courtage_frei">1</user_defined_simplefield><user_defined_simplefield feldname="neu">0</user_defined_simplefield><user_defined_simplefield feldname="referenz">0</user_defined_simplefield><user_defined_simplefield feldname="objekt_des_tages">0</user_defined_simplefield><user_defined_simplefield feldname="reserviert">0</user_defined_simplefield><user_defined_simplefield feldname="verkauft">1</user_defined_simplefield><user_defined_simplefield feldname="veroeffentlichen">0</user_defined_simplefield><user_defined_simplefield feldname="exklusiv">0</user_defined_simplefield><user_defined_simplefield feldname="objekt_der_woche">0</user_defined_simplefield></verwaltung_objekt><verwaltung_techn><objektnr_intern>503</objektnr_intern><objektnr_extern>AEM1.AE_V1150</objektnr_extern><aktion aktionart="CHANGE"/><openimmo_obid>00050_503_AEM1.AE_V1150_04</openimmo_obid><kennung_ursprung>onOffice Software</kennung_ursprung><stand_vom>2020-03-21</stand_vom><weitergabe_generell>1</weitergabe_generell><user_defined_simplefield feldname="top_angebot">0</user_defined_simplefield><user_defined_simplefield feldname="preisreduktion">0</user_defined_simplefield><user_defined_simplefield feldname="courtage_frei">1</user_defined_simplefield><user_defined_simplefield feldname="neu">0</user_defined_simplefield><user_defined_simplefield feldname="referenz">0</user_defined_simplefield><user_defined_simplefield feldname="objekt_des_tages">0</user_defined_simplefield><user_defined_simplefield feldname="reserviert">0</user_defined_simplefield><user_defined_simplefield feldname="verkauft">1</user_defined_simplefield><user_defined_simplefield feldname="veroeffentlichen">0</user_defined_simplefield><user_defined_simplefield feldname="exklusiv">0</user_defined_simplefield><user_defined_simplefield feldname="objekt_der_woche">0</user_defined_simplefield></verwaltung_techn></immobilie></anbieter></openimmo>
