<?xml version="1.0" encoding="utf-8"?>
<openimmo><uebertragung art="OFFLINE" umfang="TEIL" modus="CHANGE" version="1.2.7" sendersoftware="OOF" senderversion="$Rev: 113468 $" techn_email="pleyer@abaco-oberland.de" timestamp="2021-12-06T12:17:31.0+00:00"/><anbieter><anbieternr>00050</anbieternr><firma>AbacO Immobilien Oberland</firma><openimmo_anid>00050</openimmo_anid><immobilie><objektkategorie><nutzungsart WOHNEN="1" GEWERBE="0"/><vermarktungsart KAUF="1" MIETE_PACHT="0"/><objektart><haus haustyp="EINFAMILIENHAUS"/></objektart></objektkategorie><geo><plz>82438</plz><ort>Eschenlohe</ort><geokoordinaten breitengrad="47.59940" laengengrad="11.18510"/><strasse>Bahnhofstraße</strasse><hausnummer>3</hausnummer><bundesland>Bayern</bundesland><land iso_land="DEU"/><anzahl_etagen>4</anzahl_etagen></geo><kontaktperson><email_zentrale>pleyer@abaco-oberland.de</email_zentrale><email_direkt>pleyer@abaco-oberland.de</email_direkt><tel_zentrale>+49 8821 943 59 58</tel_zentrale><tel_durchw>+49 8821 943 5958</tel_durchw><tel_handy>+49 178 75 555 23</tel_handy><name>Pleyer-Missios</name><vorname>Alexandra</vorname><anrede>Frau</anrede><anrede_brief>Sehr geehrte Frau Pleyer-Missios,</anrede_brief><firma>AbacO Immobilien Oberland</firma><strasse>Ludwigstraße</strasse><hausnummer>42</hausnummer><plz>82467</plz><ort>Garmisch-Partenkirchen</ort><land iso_land="DEU"/><personennummer>6</personennummer></kontaktperson><preise><kaufpreis auf_anfrage="0">898000.00</kaufpreis><aussen_courtage>3,57 % inkl. MwSt. vom Kaufpreis</aussen_courtage><waehrung iso_waehrung="EUR"/><stp_carport stellplatzkaufpreis="0.00" anzahl="1"/><stp_freiplatz stellplatzkaufpreis="0.00" anzahl="1"/></preise><bieterverfahren/><versteigerung/><flaechen><wohnflaeche>224.00</wohnflaeche><nutzflaeche>301.00</nutzflaeche><grundstuecksflaeche>723.00</grundstuecksflaeche><anzahl_zimmer>9.00</anzahl_zimmer><anzahl_schlafzimmer>4.00</anzahl_schlafzimmer><anzahl_badezimmer>2.00</anzahl_badezimmer><anzahl_sep_wc>1.00</anzahl_sep_wc><anzahl_wohn_schlafzimmer>4.00</anzahl_wohn_schlafzimmer><anzahl_stellplaetze>2</anzahl_stellplaetze><anzahl_wohneinheiten>1.00</anzahl_wohneinheiten><einliegerwohnung>1</einliegerwohnung></flaechen><ausstattung><ausstatt_kategorie>GEHOBEN</ausstatt_kategorie><kueche EBK="1"/><boden/><kamin>1</kamin><heizungsart ZENTRAL="1"/><befeuerung GAS="1"/><stellplatzart CARPORT="1"/><gartennutzung>1</gartennutzung><unterkellert keller="JA"/><gaestewc>1</gaestewc></ausstattung><zustand_angaben><baujahr>1988</baujahr><zustand zustand_art="TEIL_VOLLRENOVIERT"/><energiepass><epart>VERBRAUCH</epart><gueltig_bis>2023-11-18</gueltig_bis><energieverbrauchkennwert>132.30</energieverbrauchkennwert><primaerenergietraeger>GAS</primaerenergietraeger><wertklasse>C</wertklasse><jahrgang>2008</jahrgang></energiepass><verkaufstatus stand="VERKAUFT"/><user_defined_simplefield feldname="epass_wertklasse">C</user_defined_simplefield><user_defined_simplefield feldname="epass_baujahr">2007</user_defined_simplefield></zustand_angaben><bewertung/><infrastruktur/><freitexte><objekttitel>Ein Idyll am Fuße der Alpen</objekttitel><dreizeiler/><lage>Fernab von überlaufenen Urlaubszielen, bietet Eschenlohe mit seinem bis heute noch erhaltenen ländlich-dörflichen Charakter, Erholung und Entspannung. Im schönen Loisachtal, mitten in bezaubernder Landschaft, liegt Eschenlohe, das Tor zum Werdenfelser Land. Umgeben von der Großartigkeit des Ester- und Ammergebirges, fügt sich der Ort sanft in einen stillen Winkel am Eingang des Tales in die Vollkommenheit der Natur ein.

Die Infrastruktur ist ausreichend ausgebaut. Eine Grundschule sowie ein Kindergarten finden sich am Ort.
In weniger als 5 Autominuten ist die Autobahnabfahrt  A95 Eschenlohe zu erreichen über welche Sie schnell in die Landeshauptstadt München gelangen.
Für Pendler besteht ebenfalls die Möglichkeit mit dem Zug nach München oder aber auch nach Innsbruck zu gelangen.</lage><ausstatt_beschr>- Gebäude in Massivbau
- Dach mit hochwertigen Biberschwanzschindeln 
- Fenster aus Vollholz
- neuwertige Gaszentralheizung (2007)
- neuwertige Einbauküche
- hochwertige Echtholzböden (Stirnholzparkett und Tafelböden)
- ansprechende Fliesenbeläge
- Masterbad neu 
- großer uneinsehbarer Garten mit Glaspavillon
- drei Terrassen (Ost-Südausrichtung)
- Tauchbecken und Teichanlage
- Saunabereich mit Dusche im Kellergeschoss
- großer Dachboden (ausbaufähig)
- Carport</ausstatt_beschr><objektbeschreibung>Auf der Suche nach etwas Besonderen?  Wir haben es für Sie gefunden!

Am Fuße der Alpen gelegen ist dieses herrschaftlich wirkende Einfamilienhaus, welches viele Jahre als Pfarrhaus genutzt wurde etwas Besonderes und einmaliges seiner Art.
 
Geprägt von höchstem Komfort wurde hier  ein Einfamilienhaus  mit sehr viel Liebe zum Detail errichtet.
Die Grundrisse sind klar und großzügig gegliedert und erlauben somit den neuen Eigentümern viele Möglichkeiten der persönlichen Nutzung und Gestaltung. Die geschmackvolle Innenausstattung bietet Wohnkomfort auf höchstem Niveau! Neben den repräsentativen Wohnräumen stehen eine Mastersuite mit begehbarer Ankleide, Badezimmer Badewanne und drei weitere Schlafzimmer mit Badezimmern zur Verfügung. Der Wellnessbereich mit Sauna sorgt für Entspannung und Wohlbefinden.

Der professionell angelegte Garten fügt sich harmonisch ins ländliche Gesamtbild. Genießen Sie den Tag auf einer von insgesamt drei großzügigen Terrassen und lassen Sie Ihre Seele baumeln. Der angrenzende Glaspavillon ist Sommer wie Winter eine Bereicherung für die ganze Familie und bildet eine modern harmonische Rückzugsmöglichkeit für alle Bewohner. In den Sommermonaten bietet ein Tauchbecken angenehme Erfrischung.</objektbeschreibung><sonstige_angaben>Aus Diskretionsgründen bitten wir um Ihr Verständnis, dass ein ausführliches Exposee   nur unter Angabe Ihrer vollständigen Adresse und Telefonnummer von uns übersendet wird.

Gerne vereinbaren wir einen Besichtigungstermin und stehen Ihnen im persönlichen Gespräch beratend zur Seite.
Außerhalb unserer Bürozeiten sowie an Sonn- und Feiertage erreichen Sie uns unter der Mobilfunknummer
0178- 75 555 23
Ihre
Alexandra Eckl-Missios

Unsere Angaben beruhen auf den vom Auftraggeber erteilten Auskünften. Für unrichtige Angaben haften wir nur bei Vorsatz und grober Fahrlässigkeit</sonstige_angaben></freitexte><anhaenge><anhang location="EXTERN" gruppe="TITELBILD"><anhangtitel/><format>jpg</format><daten><pfad>Foto_26623.jpg</pfad></daten></anhang><anhang location="EXTERN" gruppe="BILD"><anhangtitel>1</anhangtitel><format>jpg</format><daten><pfad>Foto_26621.jpg</pfad></daten></anhang><anhang location="EXTERN" gruppe="BILD"><anhangtitel/><format>jpg</format><daten><pfad>Foto_26625.jpg</pfad></daten></anhang><anhang location="EXTERN" gruppe="BILD"><anhangtitel/><format>jpg</format><daten><pfad>Foto_26619.jpg</pfad></daten></anhang><anhang location="EXTERN" gruppe="BILD"><anhangtitel/><format>jpg</format><daten><pfad>Foto_26641.jpg</pfad></daten></anhang><anhang location="EXTERN" gruppe="BILD"><anhangtitel/><format>jpg</format><daten><pfad>Foto_26635.jpg</pfad></daten></anhang><anhang location="EXTERN" gruppe="BILD"><anhangtitel/><format>jpg</format><daten><pfad>Foto_26639.jpg</pfad></daten></anhang><anhang location="EXTERN" gruppe="BILD"><anhangtitel/><format>jpg</format><daten><pfad>Foto_26629.jpg</pfad></daten></anhang><anhang location="EXTERN" gruppe="BILD"><anhangtitel/><format>jpg</format><daten><pfad>Foto_26631.jpg</pfad></daten></anhang><anhang location="EXTERN" gruppe="BILD"><anhangtitel/><format>jpg</format><daten><pfad>Foto_26627.jpg</pfad></daten></anhang><anhang location="EXTERN" gruppe="BILD"><anhangtitel/><format>jpg</format><daten><pfad>Foto_26637.jpg</pfad></daten></anhang><anhang location="EXTERN" gruppe="BILD"><anhangtitel/><format>jpg</format><daten><pfad>Foto_26633.jpg</pfad></daten></anhang><anhang location="EXTERN" gruppe="BILD"><anhangtitel/><format>jpg</format><daten><pfad>Foto_26643.jpg</pfad></daten></anhang><anhang location="EXTERN" gruppe="GRUNDRISS"><anhangtitel>Grundriss Skizze EG.png</anhangtitel><format>jpg</format><daten><pfad>Grundriss_26613.jpg</pfad></daten></anhang><anhang location="EXTERN" gruppe="GRUNDRISS"><anhangtitel>Grundriss Skizze OG.png</anhangtitel><format>jpg</format><daten><pfad>Grundriss_26615.jpg</pfad></daten></anhang><anhang location="EXTERN" gruppe="GRUNDRISS"><anhangtitel>Grundriss Skizze KG.png</anhangtitel><format>jpg</format><daten><pfad>Grundriss_26617.jpg</pfad></daten></anhang></anhaenge><verwaltung_objekt><objektadresse_freigeben>0</objektadresse_freigeben><verfuegbar_ab>ab sofort</verfuegbar_ab><haustiere>1</haustiere><als_ferien>1</als_ferien><gewerbliche_nutzung>1</gewerbliche_nutzung><user_defined_simplefield feldname="top_angebot">0</user_defined_simplefield><user_defined_simplefield feldname="preisreduktion">0</user_defined_simplefield><user_defined_simplefield feldname="courtage_frei">0</user_defined_simplefield><user_defined_simplefield feldname="neu">0</user_defined_simplefield><user_defined_simplefield feldname="referenz">0</user_defined_simplefield><user_defined_simplefield feldname="objekt_des_tages">0</user_defined_simplefield><user_defined_simplefield feldname="reserviert">0</user_defined_simplefield><user_defined_simplefield feldname="verkauft">1</user_defined_simplefield><user_defined_simplefield feldname="veroeffentlichen">1</user_defined_simplefield><user_defined_simplefield feldname="exklusiv">0</user_defined_simplefield><user_defined_simplefield feldname="objekt_der_woche">0</user_defined_simplefield></verwaltung_objekt><verwaltung_techn><objektnr_intern>353</objektnr_intern><objektnr_extern>AEM1.G.S..1082</objektnr_extern><aktion aktionart="CHANGE"/><openimmo_obid>00050_353_AEM1.G.S..1082_08</openimmo_obid><kennung_ursprung>onOffice Software</kennung_ursprung><stand_vom>2019-05-20</stand_vom><weitergabe_generell>1</weitergabe_generell><user_defined_simplefield feldname="top_angebot">0</user_defined_simplefield><user_defined_simplefield feldname="preisreduktion">0</user_defined_simplefield><user_defined_simplefield feldname="courtage_frei">0</user_defined_simplefield><user_defined_simplefield feldname="neu">0</user_defined_simplefield><user_defined_simplefield feldname="referenz">0</user_defined_simplefield><user_defined_simplefield feldname="objekt_des_tages">0</user_defined_simplefield><user_defined_simplefield feldname="reserviert">0</user_defined_simplefield><user_defined_simplefield feldname="verkauft">1</user_defined_simplefield><user_defined_simplefield feldname="veroeffentlichen">1</user_defined_simplefield><user_defined_simplefield feldname="exklusiv">0</user_defined_simplefield><user_defined_simplefield feldname="objekt_der_woche">0</user_defined_simplefield></verwaltung_techn></immobilie></anbieter></openimmo>
