<?xml version="1.0" encoding="utf-8"?>
<openimmo><uebertragung art="OFFLINE" umfang="TEIL" modus="CHANGE" version="1.2.7" sendersoftware="OOF" senderversion="$Rev: 113468 $" techn_email="pleyer@abaco-oberland.de" timestamp="2021-12-06T12:16:20.0+00:00"/><anbieter><anbieternr>00050</anbieternr><firma>AbacO Immobilien Oberland</firma><openimmo_anid>00050</openimmo_anid><immobilie><objektkategorie><nutzungsart WOHNEN="1" GEWERBE="0"/><vermarktungsart KAUF="1" MIETE_PACHT="0"/><objektart><haus haustyp="EINFAMILIENHAUS"/></objektart></objektkategorie><geo><plz>82398</plz><ort>Polling</ort><geokoordinaten breitengrad="47.81005" laengengrad="11.13871"/><strasse>Johann-Michael-Fischer-Str.</strasse><hausnummer>8</hausnummer><bundesland>Bayern</bundesland><land iso_land="DEU"/></geo><kontaktperson><email_zentrale>pleyer@abaco-oberland.de</email_zentrale><email_direkt>pleyer@abaco-oberland.de</email_direkt><tel_zentrale>+49 8821 943 59 58</tel_zentrale><tel_durchw>+49 8821 943 5958</tel_durchw><tel_handy>+49 178 75 555 23</tel_handy><name>Pleyer-Missios</name><vorname>Alexandra</vorname><anrede>Frau</anrede><anrede_brief>Sehr geehrte Frau Pleyer-Missios,</anrede_brief><firma>AbacO Immobilien Oberland</firma><strasse>Ludwigstraße</strasse><hausnummer>42</hausnummer><plz>82467</plz><ort>Garmisch-Partenkirchen</ort><land iso_land="DEU"/><personennummer>6</personennummer></kontaktperson><preise><kaufpreis auf_anfrage="0">0</kaufpreis><waehrung iso_waehrung="EUR"/><stp_garage stellplatzkaufpreis="0.00" anzahl="1"/></preise><bieterverfahren/><versteigerung/><flaechen><wohnflaeche>220.00</wohnflaeche><nutzflaeche>100.00</nutzflaeche><grundstuecksflaeche>569.00</grundstuecksflaeche><anzahl_zimmer>5.00</anzahl_zimmer><anzahl_schlafzimmer>3.00</anzahl_schlafzimmer><anzahl_badezimmer>1.00</anzahl_badezimmer><anzahl_sep_wc>1.00</anzahl_sep_wc><anzahl_wohn_schlafzimmer>1.00</anzahl_wohn_schlafzimmer><anzahl_stellplaetze>1</anzahl_stellplaetze></flaechen><ausstattung><kueche EBK="1"/><boden/><kamin>1</kamin><befeuerung OEL="1"/><gartennutzung>1</gartennutzung></ausstattung><zustand_angaben><baujahr>2002</baujahr><zustand zustand_art="GEPFLEGT"/><energiepass><jahrgang>nicht_noetig</jahrgang></energiepass><verkaufstatus stand="VERKAUFT"/></zustand_angaben><bewertung/><infrastruktur/><freitexte><objekttitel>ERFOLGREICH VERKAUFT</objekttitel><dreizeiler/><lage>Inmitten des Pfaffenwinkels gelegen, verfügt das Klosterdorf Polling mit ca. 3200 Einwohnern über zahlreiche historische Sehenswürdigleiten (Kloster Heilig Kreuz, Stiftskirche St. Salvator, u.v.m.). Die nahe gelegene Kreisstadt Weilheim ist ca. 3 km entfernt und kann über den bekannten "Prälatenweg" ( Radlweg ) bequem abseits der Straße erreicht werden. Im Ort selbst findet man Einkaufsmöglichkeiten für den täglichen Bedarf, sowie Kindergärten, Grundschule div. Sporteinrichtungen sowie Ärzte, Gaststätten usw.. Eingebettet in der Landschaft zwischen Seen und Bergen, ist der Erholungswert hoch, und die Infrastruktur stabil.</lage><ausstatt_beschr/><objektbeschreibung>Sie suchen ein neues Zuhause für sich und Ihre Lieben? Dann haben wir es für Sie gefunden!!!
Das in Holzständerbau 2002 errichtete Haus lässt seinen neuen Bewohnern kaum Wünsche offen. Schon beim Betreten ist jedem klar- hier ist auf Qualität und Großzügigkeit wert gelegt worden.
Im Erdgeschoss findet sich neben einem sonnigen Wohnzimmer mit Zugang auf den eingewachsenen Garten und Sonnenterrasse die hochwertige Küche sowie das Esszimmer. Genießen Sie die wohlige Wärme des hochwertigen Kachelofens im Kreise Ihrer Lieben. 
Im Obergeschoss finden sich insgesamt 3 Schlafzimmer. Ein begehbarer Kleiderschrank sorgt für viel zusätzlichen Platz in den Schlafzimmern. Das Badezimmer lässt jeden Start in den neuen Tag zu einem Erlebnis werden. Eine separate Toilette sorgt für die nötige Diskretion auch bei vielen Bewohnern.</objektbeschreibung><sonstige_angaben>Unsere Angaben beruhen auf den vom Auftraggeber erteilten Auskünften. Für unrichtige Angaben haften wir nur bei Vorsatz und grober Fahrlässigkeit. Die Weitergabe dieses Angebots an Dritte ist nur mit unserer ausdrücklichen und schriftlichen Zustimmung zulässig.</sonstige_angaben></freitexte><anhaenge><anhang location="EXTERN" gruppe="TITELBILD"><anhangtitel/><format>jpg</format><daten><pfad>Titelbild_30957.jpg</pfad></daten></anhang></anhaenge><verwaltung_objekt><objektadresse_freigeben>0</objektadresse_freigeben><verfuegbar_ab>nach Vereinbarung</verfuegbar_ab><haustiere>1</haustiere><user_defined_simplefield feldname="top_angebot">0</user_defined_simplefield><user_defined_simplefield feldname="preisreduktion">0</user_defined_simplefield><user_defined_simplefield feldname="courtage_frei">0</user_defined_simplefield><user_defined_simplefield feldname="neu">0</user_defined_simplefield><user_defined_simplefield feldname="referenz">0</user_defined_simplefield><user_defined_simplefield feldname="objekt_des_tages">0</user_defined_simplefield><user_defined_simplefield feldname="reserviert">0</user_defined_simplefield><user_defined_simplefield feldname="verkauft">1</user_defined_simplefield><user_defined_simplefield feldname="veroeffentlichen">1</user_defined_simplefield><user_defined_simplefield feldname="exklusiv">0</user_defined_simplefield><user_defined_simplefield feldname="objekt_der_woche">0</user_defined_simplefield></verwaltung_objekt><verwaltung_techn><objektnr_intern>501</objektnr_intern><objektnr_extern>AEM1.AE_V1149</objektnr_extern><aktion aktionart="CHANGE"/><openimmo_obid>00050_501_AEM1.AE_V1149_03</openimmo_obid><kennung_ursprung>onOffice Software</kennung_ursprung><stand_vom>2020-04-22</stand_vom><weitergabe_generell>1</weitergabe_generell><user_defined_simplefield feldname="top_angebot">0</user_defined_simplefield><user_defined_simplefield feldname="preisreduktion">0</user_defined_simplefield><user_defined_simplefield feldname="courtage_frei">0</user_defined_simplefield><user_defined_simplefield feldname="neu">0</user_defined_simplefield><user_defined_simplefield feldname="referenz">0</user_defined_simplefield><user_defined_simplefield feldname="objekt_des_tages">0</user_defined_simplefield><user_defined_simplefield feldname="reserviert">0</user_defined_simplefield><user_defined_simplefield feldname="verkauft">1</user_defined_simplefield><user_defined_simplefield feldname="veroeffentlichen">1</user_defined_simplefield><user_defined_simplefield feldname="exklusiv">0</user_defined_simplefield><user_defined_simplefield feldname="objekt_der_woche">0</user_defined_simplefield></verwaltung_techn></immobilie></anbieter></openimmo>
