<?xml version="1.0" encoding="utf-8"?>
<openimmo><uebertragung art="OFFLINE" umfang="TEIL" modus="CHANGE" version="1.2.7" sendersoftware="OOF" senderversion="$Rev: 113468 $" techn_email="pleyer@abaco-oberland.de" timestamp="2021-12-04T20:00:05.0+00:00"/><anbieter><anbieternr>00050</anbieternr><firma>AbacO Immobilien Oberland</firma><openimmo_anid>00050</openimmo_anid><immobilie><objektkategorie><nutzungsart WOHNEN="1" GEWERBE="0"/><vermarktungsart KAUF="0" MIETE_PACHT="1"/><objektart><wohnung wohnungtyp="ERDGESCHOSS"/></objektart></objektkategorie><geo><plz>80995</plz><ort>München / Feldmoching</ort><geokoordinaten breitengrad="48.21077" laengengrad="11.52850"/><strasse>Feldmochinger Str.</strasse><hausnummer>355a</hausnummer><bundesland>Bayern</bundesland><land iso_land="DEU"/><etage>0</etage><anzahl_etagen>2</anzahl_etagen></geo><kontaktperson><email_zentrale>pleyer@abaco-oberland.de</email_zentrale><email_direkt>pleyer@abaco-oberland.de</email_direkt><tel_zentrale>+49 8821 943 59 58</tel_zentrale><tel_durchw>+49 8821 943 5958</tel_durchw><tel_handy>+49 178 75 555 23</tel_handy><name>Pleyer-Missios</name><vorname>Alexandra</vorname><anrede>Frau</anrede><anrede_brief>Sehr geehrte Frau Pleyer-Missios,</anrede_brief><firma>AbacO Immobilien Oberland</firma><strasse>Ludwigstraße</strasse><hausnummer>42</hausnummer><plz>82467</plz><ort>Garmisch-Partenkirchen</ort><land iso_land="DEU"/><personennummer>6</personennummer></kontaktperson><preise><nettokaltmiete>2100.00</nettokaltmiete><kaltmiete>0</kaltmiete><warmmiete>2400.00</warmmiete><nebenkosten>300.00</nebenkosten><pauschalmiete>2400.00</pauschalmiete><betriebskostennetto betriebskostenust="0">300</betriebskostennetto><gesamtbelastungbrutto>2400.00</gesamtbelastungbrutto><summemietenetto summemieteust="0">2100</summemietenetto><preis_zeiteinheit zeiteinheit="MONAT"/><aussen_courtage>Provisionsfrei</aussen_courtage><waehrung iso_waehrung="EUR"/><stp_freiplatz stellplatzmiete="0.00" anzahl="1"/></preise><bieterverfahren/><versteigerung/><flaechen><wohnflaeche>102.00</wohnflaeche><anzahl_zimmer>3.50</anzahl_zimmer><balkon_terrasse_flaeche>25.00</balkon_terrasse_flaeche><anzahl_stellplaetze>1</anzahl_stellplaetze></flaechen><ausstattung><boden/><befeuerung LUFTWP="1"/></ausstattung><zustand_angaben><baujahr>1980</baujahr><zustand zustand_art="TEIL_VOLLSANIERT"/><energiepass><epart>VERBRAUCH</epart><gueltig_bis>2031-11-28</gueltig_bis><energieverbrauchkennwert>54.28</energieverbrauchkennwert><primaerenergietraeger>LUFTWP</primaerenergietraeger><wertklasse>B</wertklasse><jahrgang>2014</jahrgang></energiepass><verkaufstatus stand="OFFEN"/><user_defined_simplefield feldname="epass_wertklasse">B</user_defined_simplefield><user_defined_simplefield feldname="epass_baujahr">1978</user_defined_simplefield></zustand_angaben><bewertung/><infrastruktur><distanzen distanz_zu="KINDERGAERTEN">0.50</distanzen><distanzen distanz_zu="GRUNDSCHULE">1.20</distanzen><distanzen distanz_zu="REALSCHULE">2.50</distanzen><distanzen distanz_zu="GYMNASIUM">0.50</distanzen><distanzen distanz_zu="FLUGHAFEN">29.00</distanzen><distanzen distanz_zu="US_BAHN">1.30</distanzen><distanzen distanz_zu="BUS">0.20</distanzen></infrastruktur><freitexte><objekttitel>Für den gehobenen Anspruch!</objekttitel><dreizeiler>Elegante, ruhige 3,5 Zimmer Wohnung, vollmöbliert, sonnige Terrasse 
Frei ab 1.12.21, EBK, provisionsfrei, Warmmiete 2.400 EUR
Nähere Informationen unter wohneninfeldmoching@gmx.de</dreizeiler><lage>Das 2-Familien-Haus liegt im entspannten Stadtteil Feldmoching im Norden von München. Feldmoching ist sicherlich eines der dörflichsten Gebiete Münchens, vor allem der Ortskern mit den alten Höfen und Gaststätten erinnert an das bayerische Landleben.

Mit der 3-Seen-Platte (Fasaneriesee - nur 400 m entfernt - , Feldmochinger See und Lerchenauer See) hat der Stadtteil eines der beliebtesten Naherholungsgebiete Münchens.

Die Umgebung bietet ein umfangreiches Radwegenetz, diverse Freizeit- und Sportmöglichkeiten, verfügt über hervorragende Einkaufsmöglichkeiten, Restaurants, Kindergärten, Kindertagesstätten, Ärzte sowie ein abwechslungsreiches Kulturprogramm.

Exzellente Verkehrsanbindung an die Innenstadt Münchens durch die fußläufig erreichbare Regionalbahn, U- und S-Bahnhaltestelle Feldmoching (Fahrzeit zum Hauptbahnhof ca. 17 Minuten) , mit dem Bus 173 (Haltestelle Bergwachtstraße) nur 3 Stationen.
5 Stationen zum Olympiazentrum (BMW Welt und Olympiagelände).
S1 Flughafen ab Feldmoching nur 20 Minuten.

Der Anschluss an die Autobahnen A92 und A99 ist über die Anschlussstelle Oberschleißheim/Feldmoching und Karlsfeld gegeben.</lage><ausstatt_beschr>Die zur Wohnung gehörende moderne Einbauküche enthält sehr viele moderne Kochutensilien und alles was man benötigt, um leckere Speisen zu zaubern.

Komplett möbliert, mit Vollausstattung!

2x Flachbild-TV inkl. Sat-Receiver, Waschmaschine &amp; Trockner im Bad, Fußbodenheizung in den Schlafzimmern und im Sanitärbereich, moderne EBK

WLAN möglich

SCHLAFZIMMER 1:
Fußbodenheizung und neues Boxspringbett (140x200cm - kann gerne gegen ein größeres Bett ersetzt werden!), sehr großer moderner Kleiderschrank, Sideboards und Schreibtisch, Bettwäsche etc., TV

SCHLAFZIMMER 2 oder Büro: Fußbodenheizung, Regale, Einzelbett (90x200cm) und Schreibtisch

BAD:
ebenerdige Dusche, Handtücher, Fön, Seife etc., Fußbodenheizung und Fenster,
Waschmaschine und Trockner

TOILETTE:
separat, mit Waschbecken und Fenster

KÜCHE:
moderne Einbauküche mit Einbaugeräten - mit Mikrowelle und Backofen, Toaster, Wasserkocher, Kaffeemaschinen, Nespresso-Maschine, Kühlschrank mit Gefrierfach, Geschirrspüler, Geschirr, Töpfe etc. - Fußbodenheizung

WOHNZIMMER:
Parkettboden und Zugang zur Terrasse, große Sitzlandschaft mit Ausziehmöglichkeit, Sat-TV

gemütliche ESSECKE für 6 Personen mit Durchreiche zur Küche

TERRASSE:
sehr großzügig, mit ausziehbarem Tisch für bis zu 8 Personen
Teakholz-Garnitur 6 Stühle, Tisch und eine Bank inkl. passender Sitzpolster</ausstatt_beschr><objektbeschreibung>Kurzfristig freigeworden! Sofort bezugsfertig!  Für den gehobenen Anspruch! Alles da, was man zum Leben und Wohnen braucht!

Eine vollständig renovierte Erdgeschosswohnung mit gehobener Innenausstattung sucht neue Mieter.

Zur Wohnung zählen dreieinhalb einladende Zimmer plus Terrasse.

Die letzte Modernisierung fand erst vor Kurzem statt.

Eine große, ruhige Sonnenterrasse erwartet Sie jeden Tag und lädt zur Entspannung und Erholung ein.</objektbeschreibung><sonstige_angaben>Ab 15.12.2021 für mind. 6 Monate, aber auch gerne für 1-2 Jahre, mit Option auf Verlängerung!

Ideal für ein Paar mit Kind oder zu zweit oder auch alleine.

Kaution sowie Haftpflichtversicherung sollten selbstverständlich sein.

GEZ muss selbst bezahlt werden
Die Stromkosten sind bis zu einem bestimmten Betrag inkludiert in den 300 EUR Nebenkosten.

Einzugstermin ab 15.12.21 möglich, aber auch gerne erst später - bitte fragen Sie einfach an!</sonstige_angaben></freitexte><anhaenge><anhang location="EXTERN" gruppe="TITELBILD"><anhangtitel>Küche rechte Seite</anhangtitel><format>jpg</format><daten><pfad>_33221.jpg</pfad></daten></anhang><anhang location="EXTERN" gruppe="BILD"><anhangtitel>Küche linke Seite</anhangtitel><format>jpg</format><daten><pfad>_33223.jpg</pfad></daten></anhang><anhang location="EXTERN" gruppe="BILD"><anhangtitel>1. Schlafzimmer</anhangtitel><format>jpg</format><daten><pfad>_33225.jpg</pfad></daten></anhang><anhang location="EXTERN" gruppe="BILD"><anhangtitel>2. Schlafzimmer</anhangtitel><format>jpg</format><daten><pfad>_33227.jpg</pfad></daten></anhang><anhang location="EXTERN" gruppe="BILD"><anhangtitel>Blick in den Garten v. SZ 1</anhangtitel><format>jpg</format><daten><pfad>_33229.jpg</pfad></daten></anhang><anhang location="EXTERN" gruppe="BILD"><anhangtitel>Waschtisch</anhangtitel><format>jpg</format><daten><pfad>_33231.jpg</pfad></daten></anhang><anhang location="EXTERN" gruppe="BILD"><anhangtitel>Bad mit Fenster</anhangtitel><format>jpg</format><daten><pfad>_33233.jpg</pfad></daten></anhang><anhang location="EXTERN" gruppe="BILD"><anhangtitel>Dusche ebenerdig</anhangtitel><format>jpg</format><daten><pfad>_33235.jpg</pfad></daten></anhang><anhang location="EXTERN" gruppe="BILD"><anhangtitel>Trockner u. Waschmaschine</anhangtitel><format>jpg</format><daten><pfad>_33237.jpg</pfad></daten></anhang><anhang location="EXTERN" gruppe="BILD"><anhangtitel>separate Toilette</anhangtitel><format>jpg</format><daten><pfad>_33239.jpg</pfad></daten></anhang><anhang location="EXTERN" gruppe="BILD"><anhangtitel>Sonnige Terrasse mit Markise</anhangtitel><format>jpg</format><daten><pfad>_33241.jpg</pfad></daten></anhang><anhang location="EXTERN" gruppe="GRUNDRISS"><anhangtitel>Grundriss</anhangtitel><format>jpg</format><daten><pfad>_33243.jpg</pfad></daten></anhang><anhang location="EXTERN" gruppe="BILD"><anhangtitel>Wohnzimmer</anhangtitel><format>jpg</format><daten><pfad>_33245.jpg</pfad></daten></anhang><anhang location="EXTERN" gruppe="BILD"><anhangtitel>Wohnzimmer_Esszimmer</anhangtitel><format>jpg</format><daten><pfad>_33247.jpg</pfad></daten></anhang><anhang location="EXTERN" gruppe="BILD"><anhangtitel>Eingangsbereich</anhangtitel><format>jpg</format><daten><pfad>_33249.jpg</pfad></daten></anhang><anhang location="EXTERN" gruppe="BILD"><anhangtitel>Hauseingang</anhangtitel><format>jpg</format><daten><pfad>_33251.jpg</pfad></daten></anhang><anhang location="EXTERN" gruppe="BILD"><anhangtitel>Feldmochinger See</anhangtitel><format>jpg</format><daten><pfad>_33253.jpg</pfad></daten></anhang></anhaenge><verwaltung_objekt><objektadresse_freigeben>0</objektadresse_freigeben><verfuegbar_ab>01.12.2021</verfuegbar_ab><abdatum>2021-12-04</abdatum><bisdatum>2023-11-30</bisdatum><max_personen>3</max_personen><nichtraucher>1</nichtraucher><user_defined_simplefield feldname="top_angebot">0</user_defined_simplefield><user_defined_simplefield feldname="preisreduktion">0</user_defined_simplefield><user_defined_simplefield feldname="courtage_frei">0</user_defined_simplefield><user_defined_simplefield feldname="neu">0</user_defined_simplefield><user_defined_simplefield feldname="referenz">0</user_defined_simplefield><user_defined_simplefield feldname="objekt_des_tages">0</user_defined_simplefield><user_defined_simplefield feldname="reserviert">0</user_defined_simplefield><user_defined_simplefield feldname="verkauft">0</user_defined_simplefield><user_defined_simplefield feldname="veroeffentlichen">0</user_defined_simplefield><user_defined_simplefield feldname="exklusiv">0</user_defined_simplefield><user_defined_simplefield feldname="objekt_der_woche">0</user_defined_simplefield></verwaltung_objekt><verwaltung_techn><objektnr_intern>583</objektnr_intern><objektnr_extern>AEM1.MB.1190</objektnr_extern><aktion aktionart="CHANGE"/><openimmo_obid>00050_583_JA.CW.0010_09</openimmo_obid><kennung_ursprung>onOffice Software</kennung_ursprung><stand_vom>2021-12-04</stand_vom><weitergabe_generell>1</weitergabe_generell><user_defined_simplefield feldname="top_angebot">0</user_defined_simplefield><user_defined_simplefield feldname="preisreduktion">0</user_defined_simplefield><user_defined_simplefield feldname="courtage_frei">0</user_defined_simplefield><user_defined_simplefield feldname="neu">0</user_defined_simplefield><user_defined_simplefield feldname="referenz">0</user_defined_simplefield><user_defined_simplefield feldname="objekt_des_tages">0</user_defined_simplefield><user_defined_simplefield feldname="reserviert">0</user_defined_simplefield><user_defined_simplefield feldname="verkauft">0</user_defined_simplefield><user_defined_simplefield feldname="veroeffentlichen">0</user_defined_simplefield><user_defined_simplefield feldname="exklusiv">0</user_defined_simplefield><user_defined_simplefield feldname="objekt_der_woche">0</user_defined_simplefield></verwaltung_techn></immobilie></anbieter></openimmo>
